gender,avg(tripduration)
Female,509.8082474784837
Male,478.6205057415161
NaN,611.8951609483015
